"Pass []","re(Mode(1)) [g]"
1,6.45324704505008
2,6.51905955429996
3,6.54764130610486
4,6.55756084054318
5,6.56220658606368
6,6.56425205342064
7,
8,
9,
10,
11,
12,
13,
14,
15,
16,
17,
18,
19,
20,
21,
22,
23,
24,
25,
26,
27,
28,
29,
30,
31,
32,
33,
34,
35,
36,
37,
38,
39,
40,
41,
42,
43,
44,
45,
46,
47,
48,
49,
50,
