"Pass []","re(Mode(1)) [g]"
1,6.31068669375645
2,6.36540526052228
3,6.39570341731879
4,6.40594651873022
5,6.41006859887794
6,6.41244893231178
7,
8,
9,
10,
11,
12,
13,
14,
15,
16,
17,
18,
19,
20,
21,
22,
23,
24,
25,
26,
27,
28,
29,
30,
31,
32,
33,
34,
35,
36,
37,
38,
39,
40,
41,
42,
43,
44,
45,
46,
47,
48,
49,
50,
