"Pass []","re(Mode(1)) [g]"
1,6.34018504531748
2,6.40648322929074
3,6.43665901449618
4,6.44657024981283
5,6.45136021817495
6,6.45319405467154
7,
8,
9,
10,
11,
12,
13,
14,
15,
16,
17,
18,
19,
20,
21,
22,
23,
24,
25,
26,
27,
28,
29,
30,
31,
32,
33,
34,
35,
36,
37,
38,
39,
40,
41,
42,
43,
44,
45,
46,
47,
48,
49,
50,
