"Pass []","re(Mode(1)) [g]"
1,8.03664043762832
2,8.1626013575927
3,8.19029533498086
4,8.2113147751079
5,8.21689540155218
6,8.22160505323097
7,8.22528458456363
8,
9,
10,
11,
12,
13,
14,
15,
16,
17,
18,
19,
20,
21,
22,
23,
24,
25,
26,
27,
28,
29,
30,
31,
32,
33,
34,
35,
36,
37,
38,
39,
40,
41,
42,
43,
44,
45,
46,
47,
48,
49,
50,
