"Pass []","re(Mode(1)) [g]"
1,6.43292974836789
2,6.53422513793977
3,6.55918418780052
4,6.57632135069341
5,6.58234393789756
6,6.58607794379905
7,6.58942789349824
8,6.59034449449443
9,
10,
11,
12,
13,
14,
15,
16,
17,
18,
19,
20,
21,
22,
23,
24,
25,
26,
27,
28,
29,
30,
31,
32,
33,
34,
35,
36,
37,
38,
39,
40,
41,
42,
43,
44,
45,
46,
47,
48,
49,
50,
