"Pass []","re(Mode(1)) [g]"
1,6.55409868028112
2,6.63183819682388
3,6.64939055391144
4,6.66516762929414
5,6.66946939535575
6,6.67384643112671
7,6.67699384828222
8,
9,
10,
11,
12,
13,
14,
15,
16,
17,
18,
19,
20,
21,
22,
23,
24,
25,
26,
27,
28,
29,
30,
31,
32,
33,
34,
35,
36,
37,
38,
39,
40,
41,
42,
43,
44,
45,
46,
47,
48,
49,
50,
