"Pass []","re(Mode(1)) [g]"
1,4.63718185554406
2,6.10842067325657
3,6.3095335010464
4,6.36928125521074
5,6.3820453907968
6,6.39275025358692
7,6.39936036185191
8,6.40371936075646
9,6.40653948707181
10,
11,
12,
13,
14,
15,
16,
17,
18,
19,
20,
21,
22,
23,
24,
25,
26,
27,
28,
29,
30,
31,
32,
33,
34,
35,
36,
37,
38,
39,
40,
41,
42,
43,
44,
45,
46,
47,
48,
49,
50,
