"Pass []","re(Mode(1)) [g]"
1,6.34769724550502
2,6.39687444384774
3,6.42531397637336
4,6.43470205715783
5,6.43933207540077
6,6.44102154074624
7,
8,
9,
10,
11,
12,
13,
14,
15,
16,
17,
18,
19,
20,
21,
22,
23,
24,
25,
26,
27,
28,
29,
30,
31,
32,
33,
34,
35,
36,
37,
38,
39,
40,
41,
42,
43,
44,
45,
46,
47,
48,
49,
50,
