"Pass []","re(Mode(1)) [g]"
1,6.52591798129554
2,6.58540215219787
3,6.61404790501105
4,6.62303689986729
5,6.62786612266843
6,6.62973216058803
7,
8,
9,
10,
11,
12,
13,
14,
15,
16,
17,
18,
19,
20,
21,
22,
23,
24,
25,
26,
27,
28,
29,
30,
31,
32,
33,
34,
35,
36,
37,
38,
39,
40,
41,
42,
43,
44,
45,
46,
47,
48,
49,
50,
